{
  "1": {
    "lv": "1",
    "name": "法宝1",
    "icon": 1,
    "star": 1,
    "qlt": 1,
    "gold_cost": 100,
    "metrial_cost": 120,
    "lock_cost": 10,
    "change_gold": 50,
    "change_metrial": 60,
    "attrId1": 60001001,
    "attrper1": 100,
    "attrId2": 60002001,
    "attrper2": 50,
    "attrId3": 60003001,
    "attrper3": 25,
    "attrId4": 60004001,
    "attrper4": 12.5,
    "attrId5": 60005001,
    "attrper5": 6.25,
    "attrId6": 60006001,
    "attrper6": 3.125,
    "attrId7": 60007001,
    "attrper7": 1.5625,
    "attrId8": 60008001,
    "attrper8": 0.78125
  },
  "2": {
    "lv": "2",
    "name": "法宝2",
    "icon": 1,
    "star": 2,
    "qlt": 1,
    "gold_cost": 200,
    "metrial_cost": 240,
    "lock_cost": 50,
    "change_gold": 100,
    "change_metrial": 120,
    "attrId1": 60001002,
    "attrper1": 100,
    "attrId2": 60002002,
    "attrper2": 50,
    "attrId3": 60003002,
    "attrper3": 25,
    "attrId4": 60004002,
    "attrper4": 12.5,
    "attrId5": 60005002,
    "attrper5": 6.25,
    "attrId6": 60006002,
    "attrper6": 3.125,
    "attrId7": 60007002,
    "attrper7": 1.5625,
    "attrId8": 60008002,
    "attrper8": 0.78125
  },
  "3": {
    "lv": "3",
    "name": "法宝3",
    "icon": 1,
    "star": 3,
    "qlt": 1,
    "gold_cost": 300,
    "metrial_cost": 360,
    "lock_cost": 90,
    "change_gold": 150,
    "change_metrial": 180,
    "attrId1": 60001003,
    "attrper1": 100,
    "attrId2": 60002003,
    "attrper2": 50,
    "attrId3": 60003003,
    "attrper3": 25,
    "attrId4": 60004003,
    "attrper4": 12.5,
    "attrId5": 60005003,
    "attrper5": 6.25,
    "attrId6": 60006003,
    "attrper6": 3.125,
    "attrId7": 60007003,
    "attrper7": 1.5625,
    "attrId8": 60008003,
    "attrper8": 0.78125
  },
  "4": {
    "lv": "4",
    "name": "法宝4",
    "icon": 2,
    "star": 1,
    "qlt": 2,
    "gold_cost": 400,
    "metrial_cost": 480,
    "lock_cost": 130,
    "change_gold": 200,
    "change_metrial": 240,
    "attrId1": 60001004,
    "attrper1": 100,
    "attrId2": 60002004,
    "attrper2": 50,
    "attrId3": 60003004,
    "attrper3": 25,
    "attrId4": 60004004,
    "attrper4": 12.5,
    "attrId5": 60005004,
    "attrper5": 6.25,
    "attrId6": 60006004,
    "attrper6": 3.125,
    "attrId7": 60007004,
    "attrper7": 1.5625,
    "attrId8": 60008004,
    "attrper8": 0.78125
  },
  "5": {
    "lv": "5",
    "name": "法宝5",
    "icon": 2,
    "star": 2,
    "qlt": 2,
    "gold_cost": 500,
    "metrial_cost": 600,
    "lock_cost": 170,
    "change_gold": 250,
    "change_metrial": 300,
    "attrId1": 60001005,
    "attrper1": 100,
    "attrId2": 60002005,
    "attrper2": 50,
    "attrId3": 60003005,
    "attrper3": 25,
    "attrId4": 60004005,
    "attrper4": 12.5,
    "attrId5": 60005005,
    "attrper5": 6.25,
    "attrId6": 60006005,
    "attrper6": 3.125,
    "attrId7": 60007005,
    "attrper7": 1.5625,
    "attrId8": 60008005,
    "attrper8": 0.78125
  },
  "6": {
    "lv": "6",
    "name": "法宝6",
    "icon": 2,
    "star": 3,
    "qlt": 2,
    "gold_cost": 600,
    "metrial_cost": 720,
    "lock_cost": 210,
    "change_gold": 300,
    "change_metrial": 360,
    "attrId1": 60001006,
    "attrper1": 100,
    "attrId2": 60002006,
    "attrper2": 50,
    "attrId3": 60003006,
    "attrper3": 25,
    "attrId4": 60004006,
    "attrper4": 12.5,
    "attrId5": 60005006,
    "attrper5": 6.25,
    "attrId6": 60006006,
    "attrper6": 3.125,
    "attrId7": 60007006,
    "attrper7": 1.5625,
    "attrId8": 60008006,
    "attrper8": 0.78125
  },
  "7": {
    "lv": "7",
    "name": "法宝7",
    "icon": 3,
    "star": 1,
    "qlt": 3,
    "gold_cost": 700,
    "metrial_cost": 840,
    "lock_cost": 250,
    "change_gold": 350,
    "change_metrial": 420,
    "attrId1": 60001007,
    "attrper1": 100,
    "attrId2": 60002007,
    "attrper2": 50,
    "attrId3": 60003007,
    "attrper3": 25,
    "attrId4": 60004007,
    "attrper4": 12.5,
    "attrId5": 60005007,
    "attrper5": 6.25,
    "attrId6": 60006007,
    "attrper6": 3.125,
    "attrId7": 60007007,
    "attrper7": 1.5625,
    "attrId8": 60008007,
    "attrper8": 0.78125
  },
  "8": {
    "lv": "8",
    "name": "法宝8",
    "icon": 3,
    "star": 2,
    "qlt": 3,
    "gold_cost": 800,
    "metrial_cost": 960,
    "lock_cost": 290,
    "change_gold": 400,
    "change_metrial": 480,
    "attrId1": 60001008,
    "attrper1": 100,
    "attrId2": 60002008,
    "attrper2": 50,
    "attrId3": 60003008,
    "attrper3": 25,
    "attrId4": 60004008,
    "attrper4": 12.5,
    "attrId5": 60005008,
    "attrper5": 6.25,
    "attrId6": 60006008,
    "attrper6": 3.125,
    "attrId7": 60007008,
    "attrper7": 1.5625,
    "attrId8": 60008008,
    "attrper8": 0.78125
  },
  "9": {
    "lv": "9",
    "name": "法宝9",
    "icon": 3,
    "star": 3,
    "qlt": 3,
    "gold_cost": 900,
    "metrial_cost": 1080,
    "lock_cost": 330,
    "change_gold": 450,
    "change_metrial": 540,
    "attrId1": 60001009,
    "attrper1": 100,
    "attrId2": 60002009,
    "attrper2": 50,
    "attrId3": 60003009,
    "attrper3": 25,
    "attrId4": 60004009,
    "attrper4": 12.5,
    "attrId5": 60005009,
    "attrper5": 6.25,
    "attrId6": 60006009,
    "attrper6": 3.125,
    "attrId7": 60007009,
    "attrper7": 1.5625,
    "attrId8": 60008009,
    "attrper8": 0.78125
  },
  "10": {
    "lv": "10",
    "name": "法宝10",
    "icon": 4,
    "star": 1,
    "qlt": 4,
    "gold_cost": 1000,
    "metrial_cost": 1200,
    "lock_cost": 370,
    "change_gold": 500,
    "change_metrial": 600,
    "attrId1": 60001010,
    "attrper1": 100,
    "attrId2": 60002010,
    "attrper2": 50,
    "attrId3": 60003010,
    "attrper3": 25,
    "attrId4": 60004010,
    "attrper4": 12.5,
    "attrId5": 60005010,
    "attrper5": 6.25,
    "attrId6": 60006010,
    "attrper6": 3.125,
    "attrId7": 60007010,
    "attrper7": 1.5625,
    "attrId8": 60008010,
    "attrper8": 0.78125
  }
}